/*
-- Query: SELECT * FROM cmr.cmr_user
LIMIT 0, 1000

-- Date: 2016-03-09 17:40
*/
INSERT INTO `cmr_user` (`USR_ID`,`USR_NAME`,`USR_FNAME`,`USR_LNAME`,`DOB`,`EMAIL`,`USR_PSW`,`CREATED_DATE`,`MODIFIED_DATE`,`TELEPHONE`,`ACTIVE`) VALUES (1,'truong','Truong','Le','1984-02-05','t@gmail.com','202cb962ac59075b964b07152d234b70','2016-03-03 00:00:00','2016-03-09 14:43:45','123456789','Y');
INSERT INTO `cmr_user` (`USR_ID`,`USR_NAME`,`USR_FNAME`,`USR_LNAME`,`DOB`,`EMAIL`,`USR_PSW`,`CREATED_DATE`,`MODIFIED_DATE`,`TELEPHONE`,`ACTIVE`) VALUES (3,'cl','CL-Nghia','Le','1984-03-12','cl@gmail.com','202cb962ac59075b964b07152d234b70','2016-03-09 14:35:59','2016-03-09 17:21:08','123456789','Y');
INSERT INTO `cmr_user` (`USR_ID`,`USR_NAME`,`USR_FNAME`,`USR_LNAME`,`DOB`,`EMAIL`,`USR_PSW`,`CREATED_DATE`,`MODIFIED_DATE`,`TELEPHONE`,`ACTIVE`) VALUES (4,'cm','CM-Truong','Le','1984-03-12','cm@gmail.com','202cb962ac59075b964b07152d234b70','2016-03-09 14:36:37','2016-03-09 17:21:20','123456789','Y');
INSERT INTO `cmr_user` (`USR_ID`,`USR_NAME`,`USR_FNAME`,`USR_LNAME`,`DOB`,`EMAIL`,`USR_PSW`,`CREATED_DATE`,`MODIFIED_DATE`,`TELEPHONE`,`ACTIVE`) VALUES (5,'pvc','PVC-Hoa','Le','1984-03-12','pvc@gmail.com','202cb962ac59075b964b07152d234b70','2016-03-09 14:37:37','2016-03-09 17:20:34','123456789','Y');
INSERT INTO `cmr_user` (`USR_ID`,`USR_NAME`,`USR_FNAME`,`USR_LNAME`,`DOB`,`EMAIL`,`USR_PSW`,`CREATED_DATE`,`MODIFIED_DATE`,`TELEPHONE`,`ACTIVE`) VALUES (6,'dlt','DLT-Tuan','Le','1984-03-12','dlt@gmail.com','202cb962ac59075b964b07152d234b70','2016-03-09 14:38:16','2016-03-09 17:20:45','123456789','Y');
INSERT INTO `cmr_user` (`USR_ID`,`USR_NAME`,`USR_FNAME`,`USR_LNAME`,`DOB`,`EMAIL`,`USR_PSW`,`CREATED_DATE`,`MODIFIED_DATE`,`TELEPHONE`,`ACTIVE`) VALUES (7,'ad','Administrator','Le','1984-03-12','ad@gmail.com','202cb962ac59075b964b07152d234b70','2016-03-09 14:38:56',NULL,'123456789','Y');
INSERT INTO `cmr_user` (`USR_ID`,`USR_NAME`,`USR_FNAME`,`USR_LNAME`,`DOB`,`EMAIL`,`USR_PSW`,`CREATED_DATE`,`MODIFIED_DATE`,`TELEPHONE`,`ACTIVE`) VALUES (8,'guest','Guest account','Le','1984-03-12','guest@gmail.com','202cb962ac59075b964b07152d234b70','2016-03-09 14:39:23',NULL,'123456789','Y');
INSERT INTO `cmr_user` (`USR_ID`,`USR_NAME`,`USR_FNAME`,`USR_LNAME`,`DOB`,`EMAIL`,`USR_PSW`,`CREATED_DATE`,`MODIFIED_DATE`,`TELEPHONE`,`ACTIVE`) VALUES (9,'std','Student','Le','1984-03-12','std@gmail.com','202cb962ac59075b964b07152d234b70','2016-03-09 14:39:55',NULL,'123456789','Y');
INSERT INTO `cmr_user` (`USR_ID`,`USR_NAME`,`USR_FNAME`,`USR_LNAME`,`DOB`,`EMAIL`,`USR_PSW`,`CREATED_DATE`,`MODIFIED_DATE`,`TELEPHONE`,`ACTIVE`) VALUES (10,'tc','Teacher','Le','1984-03-12','tc@gmail.com','202cb962ac59075b964b07152d234b70','2016-03-09 14:40:23',NULL,'123456789','Y');
INSERT INTO `cmr_user` (`USR_ID`,`USR_NAME`,`USR_FNAME`,`USR_LNAME`,`DOB`,`EMAIL`,`USR_PSW`,`CREATED_DATE`,`MODIFIED_DATE`,`TELEPHONE`,`ACTIVE`) VALUES (11,'cl1','CL-Hai','Le','1984-03-12','cl1@gmail.com','202cb962ac59075b964b07152d234b70','2016-03-09 14:41:23','2016-03-09 17:21:53','123456789','Y');
INSERT INTO `cmr_user` (`USR_ID`,`USR_NAME`,`USR_FNAME`,`USR_LNAME`,`DOB`,`EMAIL`,`USR_PSW`,`CREATED_DATE`,`MODIFIED_DATE`,`TELEPHONE`,`ACTIVE`) VALUES (12,'cm1','CM-Khoa','Le','1984-03-12','cm1@gmail.com','202cb962ac59075b964b07152d234b70','2016-03-09 14:42:39','2016-03-09 17:21:45','123456789','Y');
INSERT INTO `cmr_user` (`USR_ID`,`USR_NAME`,`USR_FNAME`,`USR_LNAME`,`DOB`,`EMAIL`,`USR_PSW`,`CREATED_DATE`,`MODIFIED_DATE`,`TELEPHONE`,`ACTIVE`) VALUES (13,'pvc1','PVC-Nhan','Le','1984-03-12','pvc1@gmail.com','202cb962ac59075b964b07152d234b70','2016-03-09 17:34:32',NULL,'123456789','Y');
INSERT INTO `cmr_user` (`USR_ID`,`USR_NAME`,`USR_FNAME`,`USR_LNAME`,`DOB`,`EMAIL`,`USR_PSW`,`CREATED_DATE`,`MODIFIED_DATE`,`TELEPHONE`,`ACTIVE`) VALUES (14,'dlt1','DLT-Kha','Le','1984-03-12','dlt1@gmail.com','202cb962ac59075b964b07152d234b70','2016-03-09 17:35:11',NULL,'123456789','Y');
INSERT INTO `cmr_user` (`USR_ID`,`USR_NAME`,`USR_FNAME`,`USR_LNAME`,`DOB`,`EMAIL`,`USR_PSW`,`CREATED_DATE`,`MODIFIED_DATE`,`TELEPHONE`,`ACTIVE`) VALUES (15,'test','ee','ee','2016-03-08','test@gmail.com','c4ca4238a0b923820dcc509a6f75849b','2016-03-09 17:35:38',NULL,'123232','Y');

/*
-- Query: SELECT * FROM cmr.roles_for_user
LIMIT 0, 1000

-- Date: 2016-03-09 17:41
*/
INSERT INTO `roles_for_user` (`ROLE_ID`,`USR_ID`) VALUES (5,1);
INSERT INTO `roles_for_user` (`ROLE_ID`,`USR_ID`) VALUES (1,3);
INSERT INTO `roles_for_user` (`ROLE_ID`,`USR_ID`) VALUES (2,4);
INSERT INTO `roles_for_user` (`ROLE_ID`,`USR_ID`) VALUES (3,5);
INSERT INTO `roles_for_user` (`ROLE_ID`,`USR_ID`) VALUES (4,6);
INSERT INTO `roles_for_user` (`ROLE_ID`,`USR_ID`) VALUES (5,7);
INSERT INTO `roles_for_user` (`ROLE_ID`,`USR_ID`) VALUES (6,8);
INSERT INTO `roles_for_user` (`ROLE_ID`,`USR_ID`) VALUES (7,9);
INSERT INTO `roles_for_user` (`ROLE_ID`,`USR_ID`) VALUES (8,10);
INSERT INTO `roles_for_user` (`ROLE_ID`,`USR_ID`) VALUES (1,11);
INSERT INTO `roles_for_user` (`ROLE_ID`,`USR_ID`) VALUES (2,12);
INSERT INTO `roles_for_user` (`ROLE_ID`,`USR_ID`) VALUES (3,13);
INSERT INTO `roles_for_user` (`ROLE_ID`,`USR_ID`) VALUES (4,14);
INSERT INTO `roles_for_user` (`ROLE_ID`,`USR_ID`) VALUES (6,15);

/*
-- Query: SELECT * FROM cmr.faculty
LIMIT 0, 1000

-- Date: 2016-03-09 17:41
*/
INSERT INTO `faculty` (`FACULTY_ID`,`NAME`,`DESCRIPTION`,`PVC_ID`,`DLT_ID`) VALUES (1,'Electronics And Telecom','Electronics and telecommunications',5,6);
INSERT INTO `faculty` (`FACULTY_ID`,`NAME`,`DESCRIPTION`,`PVC_ID`,`DLT_ID`) VALUES (2,'Information Technology','Information Technology',13,14);
